pid,matched_aoi,matched_aid
1,"Nijō Castle, 二条城",43
2,"Nijō Castle, 二条城",43
3,"Nijō Castle, 二条城",43
7,"Nijō Castle, 二条城",43
8,"Nijō Castle, 二条城",43
9,"Nijō Castle, 二条城",43
10,"Nijō Castle, 二条城",43
11,"Nijō Castle, 二条城",43
12,"Nijō Castle, 二条城",43
17,"Nijō Castle, 二条城",43
18,"Nijō Castle, 二条城",43
19,"Nijō Castle, 二条城",43
20,"Nijō Castle, 二条城",43
21,"Nijō Castle, 二条城",43
22,"Nijō Castle, 二条城",43
24,"Nijō Castle, 二条城",43
25,"Nijō Castle, 二条城",43
26,"Nijō Castle, 二条城",43
27,"Nijō Castle, 二条城",43
28,"Nijō Castle, 二条城",43
29,"Nijō Castle, 二条城",43
41,"Nijō Castle, 二条城",43
42,"Nijō Castle, 二条城",43
43,"Nijō Castle, 二条城",43
44,"Nijō Castle, 二条城",43
46,"Nijō Castle, 二条城",43
48,"Okazaki Park, 岡崎公園",60
49,"Heian Shrine, 平安神宮",59
50,"Heian Shrine, 平安神宮",59
51,"Heian Shrine, 平安神宮",59
52,"Heian Shrine, 平安神宮",59
53,"Heian Shrine, 平安神宮",59
55,"Nanzen-ji, 南禅寺",58
57,"Nanzen-ji, 南禅寺",58
58,"Nanzen-ji, 南禅寺",58
59,"Nanzen-ji, 南禅寺",58
60,"Nanzen-ji, 南禅寺",58
66,"Nanzen-ji, 南禅寺",58
67,"Nanzen-ji, 南禅寺",58
68,"Nanzen-ji, 南禅寺",58
69,"Nanzen-ji, 南禅寺",58
79,"Kitano Tenmangū, 北野天満宮",33
80,"Kitano Tenmangū, 北野天満宮",33
81,"Kitano Tenmangū, 北野天満宮",33
82,"Kitano Tenmangū, 北野天満宮",33
83,"Kitano Tenmangū, 北野天満宮",33
84,"Kitano Tenmangū, 北野天満宮",33
85,"Kitano Tenmangū, 北野天満宮",33
86,"Kitano Tenmangū, 北野天満宮",33
87,"Kitano Tenmangū, 北野天満宮",33
88,"Kitano Tenmangū, 北野天満宮",33
89,"Kitano Tenmangū, 北野天満宮",33
90,"Kitano Tenmangū, 北野天満宮",33
91,"Kitano Tenmangū, 北野天満宮",33
92,"Kitano Tenmangū, 北野天満宮",33
95,"Kitano Tenmangū, 北野天満宮",33
96,"Kitano Tenmangū, 北野天満宮",33
97,"Kitano Tenmangū, 北野天満宮",33
101,"Kinkaku-ji, 金閣寺",30
103,"Kinkaku-ji, 金閣寺",30
104,"Kinkaku-ji, 金閣寺",30
105,"Kinkaku-ji, 金閣寺",30
106,"Kinkaku-ji, 金閣寺",30
107,"Kinkaku-ji, 金閣寺",30
108,"Kinkaku-ji, 金閣寺",30
109,"Kinkaku-ji, 金閣寺",30
110,"Kinkaku-ji, 金閣寺",30
116,"Kinkaku-ji, 金閣寺",30
117,"Kinkaku-ji, 金閣寺",30
118,"Kinkaku-ji, 金閣寺",30
119,"Kinkaku-ji, 金閣寺",30
120,"Kinkaku-ji, 金閣寺",30
121,"Kinkaku-ji, 金閣寺",30
122,"Kinkaku-ji, 金閣寺",30
123,"Kinkaku-ji, 金閣寺",30
124,"Kinkaku-ji, 金閣寺",30
125,"Kinkaku-ji, 金閣寺",30
126,"Kinkaku-ji, 金閣寺",30
127,"Kinkaku-ji, 金閣寺",30
128,"Kinkaku-ji, 金閣寺",30
129,"Kinkaku-ji, 金閣寺",30
130,"Kinkaku-ji, 金閣寺",30
131,"Kinkaku-ji, 金閣寺",30
132,"Kinkaku-ji, 金閣寺",30
133,"Kinkaku-ji, 金閣寺",30
134,"Kinkaku-ji, 金閣寺",30
135,"Kinkaku-ji, 金閣寺",30
136,"Kinkaku-ji, 金閣寺",30
138,"Shimogamo-Jinja, 下鴨神社",44
139,"Shimogamo-Jinja, 下鴨神社",44
140,"Shimogamo-Jinja, 下鴨神社",44
141,"Shimogamo-Jinja, 下鴨神社",44
142,"Shimogamo-Jinja, 下鴨神社",44
143,"Shimogamo-Jinja, 下鴨神社",44
144,"Shimogamo-Jinja, 下鴨神社",44
145,"Shimogamo-Jinja, 下鴨神社",44
146,"Shimogamo-Jinja, 下鴨神社",44
147,"Shimogamo-Jinja, 下鴨神社",44
148,"Shimogamo-Jinja, 下鴨神社",44
149,"Shōkoku-ji, 相国寺",40
151,"Kiyomizu-dera, 清水寺",68
152,"Kiyomizu-dera, 清水寺",68
153,"Kiyomizu-dera, 清水寺",68
154,"Kiyomizu-dera, 清水寺",68
155,"Kiyomizu-dera, 清水寺",68
156,"Kiyomizu-dera, 清水寺",68
157,"Kiyomizu-dera, 清水寺",68
158,"Kiyomizu-dera, 清水寺",68
159,"Kawaramachi Street, 河原町",88
160,"Kawaramachi Street, 河原町",88
161,"Chion-in, 知恩院",62
166,"Chion-in, 知恩院",62
167,"Maruyama Park, 円山公園",63
168,"Chion-in, 知恩院",62
169,"Chion-in, 知恩院",62
170,"Chion-in, 知恩院",62
171,"Chion-in, 知恩院",62
172,"Chion-in, 知恩院",62
173,"Chion-in, 知恩院",62
174,"Chion-in, 知恩院",62
175,"Shōren-in, 青蓮院",61
176,"Shōren-in, 青蓮院",61
186,"Yasaka Shrine, 八坂神社",64
188,"Kawaramachi Street, 河原町",88
189,"Maruyama Park, 円山公園",63
189,"Yasaka Shrine, 八坂神社",64
190,"Kawaramachi Street, 河原町",88
191,"Kawaramachi Street, 河原町",88
193,"Kenninji Temple, 建仁寺",71
194,"Kenninji Temple, 建仁寺",71
195,"Kenninji Temple, 建仁寺",71
197,"Kawaramachi Street, 河原町",88
199,"Gion, 祇園",72
200,"Gion, 祇園",72
202,"Gion, 祇園",72
203,"Gion, 祇園",72
205,"Kawaramachi Street, 河原町",88
206,"Gion, 祇園",72
207,"Kawaramachi Street, 河原町",88
208,"Kawaramachi Street, 河原町",88
209,"Kawaramachi Street, 河原町",88
210,"Kawaramachi Street, 河原町",88
211,"Kawaramachi Street, 河原町",88
212,"Kawaramachi Street, 河原町",88
213,"Kawaramachi Street, 河原町",88
214,"Kawaramachi Street, 河原町",88
215,"Kawaramachi Street, 河原町",88
216,"Kawaramachi Street, 河原町",88
217,"Kawaramachi Street, 河原町",88
222,"Kawaramachi Street, 河原町",88
231,"Kawaramachi Street, 河原町",88
232,"Gion, 祇園",72
232,"Kawaramachi Street, 河原町",88
233,"Kawaramachi Street, 河原町",88
234,"Kawaramachi Street, 河原町",88
235,"Kawaramachi Street, 河原町",88
236,"Gion, 祇園",72
239,"Kawaramachi Street, 河原町",88
240,"Kawaramachi Street, 河原町",88
241,"Kawaramachi Street, 河原町",88
242,"Kawaramachi Street, 河原町",88
243,"Kawaramachi Street, 河原町",88
244,"Kawaramachi Street, 河原町",88
245,"Kawaramachi Street, 河原町",88
246,"Kawaramachi Street, 河原町",88
247,"Kawaramachi Street, 河原町",88
248,"Kawaramachi Street, 河原町",88
249,"Kawaramachi Street, 河原町",88
250,"Kawaramachi Street, 河原町",88
251,"Kawaramachi Street, 河原町",88
252,"Kawaramachi Street, 河原町",88
253,"Kawaramachi Street, 河原町",88
254,"Kawaramachi Street, 河原町",88
256,"Kawaramachi Street, 河原町",88
258,"Kawaramachi Street, 河原町",88
259,"Kawaramachi Street, 河原町",88
260,"Kawaramachi Street, 河原町",88
261,"Kawaramachi Street, 河原町",88
262,"Kawaramachi Street, 河原町",88
263,"Kawaramachi Street, 河原町",88
264,"Kawaramachi Street, 河原町",88
265,"Kawaramachi Street, 河原町",88
269,"Kawaramachi Street, 河原町",88
270,"Kawaramachi Street, 河原町",88
271,"Kawaramachi Street, 河原町",88
272,"Kawaramachi Street, 河原町",88
273,"Kawaramachi Street, 河原町",88
274,"Kawaramachi Street, 河原町",88
275,"Kawaramachi Street, 河原町",88
276,"Kawaramachi Street, 河原町",88
278,"Kawaramachi Street, 河原町",88
279,"Kawaramachi Street, 河原町",88
281,"Kawaramachi Street, 河原町",88
282,"Kawaramachi Street, 河原町",88
283,"Kawaramachi Street, 河原町",88
290,"Yasaka Shrine, 八坂神社",64
292,"Yasaka Shrine, 八坂神社",64
293,"Gion, 祇園",72
294,"Gion, 祇園",72
295,"Yasaka Shrine, 八坂神社",64
296,"Gion, 祇園",72
300,"Gion, 祇園",72
303,"Gion, 祇園",72
305,"Kenninji Temple, 建仁寺",71
315,"Ryozen Kannon, 霊山観音",66
316,"Kōdaiji Temple, 高台寺",65
317,"Kōdaiji Temple, 高台寺",65
318,"Kōdaiji Temple, 高台寺",65
319,"Nineizaka, 二年坂",69
320,"Nineizaka, 二年坂",69
322,"Sanneizaka, 三年坂",70
323,"Sanneizaka, 三年坂",70
327,"Sanneizaka, 三年坂",70
339,"Fushimi Inari Taisha, 伏見稲荷大社",76
340,"Fushimi Inari Taisha, 伏見稲荷大社",76
348,"Fushimi Inari Taisha, 伏見稲荷大社",76
349,"Fushimi Inari Taisha, 伏見稲荷大社",76
350,"Fushimi Inari Taisha, 伏見稲荷大社",76
351,"Fushimi Inari Taisha, 伏見稲荷大社",76
352,"Fushimi Inari Taisha, 伏見稲荷大社",76
353,"Fushimi Inari Taisha, 伏見稲荷大社",76
354,"Fushimi Inari Taisha, 伏見稲荷大社",76
355,"Fushimi Inari Taisha, 伏見稲荷大社",76
356,"Fushimi Inari Taisha, 伏見稲荷大社",76
357,"Fushimi Inari Taisha, 伏見稲荷大社",76
358,"Fushimi Inari Taisha, 伏見稲荷大社",76
359,"Fushimi Inari Taisha, 伏見稲荷大社",76
360,"Fushimi Inari Taisha, 伏見稲荷大社",76
361,"Fushimi Inari Taisha, 伏見稲荷大社",76
362,"Fushimi Inari Taisha, 伏見稲荷大社",76
363,"Fushimi Inari Taisha, 伏見稲荷大社",76
364,"Fushimi Inari Taisha, 伏見稲荷大社",76
365,"Fushimi Inari Taisha, 伏見稲荷大社",76
366,"Fushimi Inari Taisha, 伏見稲荷大社",76
367,"Fushimi Inari Taisha, 伏見稲荷大社",76
368,"Fushimi Inari Taisha, 伏見稲荷大社",76
369,"Fushimi Inari Taisha, 伏見稲荷大社",76
370,"Fushimi Inari Taisha, 伏見稲荷大社",76
371,"Fushimi Inari Taisha, 伏見稲荷大社",76
372,"Fushimi Inari Taisha, 伏見稲荷大社",76
410,"Kyoto Tower, 京都タワー",81
413,"Higashi Honganji, 東本願寺",79
418,"Higashi Honganji, 東本願寺",79
419,"Higashi Honganji, 東本願寺",79
420,"Higashi Honganji, 東本願寺",79
421,"Higashi Honganji, 東本願寺",79
425,"Higashi Honganji, 東本願寺",79
432,"Kawaramachi Street, 河原町",88
433,"Kawaramachi Street, 河原町",88
434,"Kawaramachi Street, 河原町",88
435,"Higashiyama Jisho-ji, 銀閣寺",52
438,"Philosopher's Path, 哲学の道",54
439,"Higashiyama Jisho-ji, 銀閣寺",52
439,"Philosopher's Path, 哲学の道",54
440,"Philosopher's Path, 哲学の道",54
441,"Philosopher's Path, 哲学の道",54
442,"Philosopher's Path, 哲学の道",54
443,"Philosopher's Path, 哲学の道",54
446,"Higashiyama Jisho-ji, 銀閣寺",52
446,"Philosopher's Path, 哲学の道",54
447,"Higashiyama Jisho-ji, 銀閣寺",52
448,"Philosopher's Path, 哲学の道",54
449,"Philosopher's Path, 哲学の道",54
450,"Hōnen-in, 法然院",55
451,"Hōnen-in, 法然院",55
452,"Philosopher's Path, 哲学の道",54
453,"Philosopher's Path, 哲学の道",54
454,"Philosopher's Path, 哲学の道",54
455,"Philosopher's Path, 哲学の道",54
456,"Philosopher's Path, 哲学の道",54
457,"Philosopher's Path, 哲学の道",54
458,"Philosopher's Path, 哲学の道",54
459,"Philosopher's Path, 哲学の道",54
460,"Ninna-ji, 仁和寺",26
461,"Ninna-ji, 仁和寺",26
462,"Ninna-ji, 仁和寺",26
463,"Ninna-ji, 仁和寺",26
464,"Ninna-ji, 仁和寺",26
465,"Ninna-ji, 仁和寺",26
466,"Ninna-ji, 仁和寺",26
467,"Ninna-ji, 仁和寺",26
468,"Ninna-ji, 仁和寺",26
469,"Ninna-ji, 仁和寺",26
470,"Ninna-ji, 仁和寺",26
471,"Ninna-ji, 仁和寺",26
472,"Ninna-ji, 仁和寺",26
474,"Ninna-ji, 仁和寺",26
475,"Ninna-ji, 仁和寺",26
476,"Ninna-ji, 仁和寺",26
477,"Ninna-ji, 仁和寺",26
478,"Ninna-ji, 仁和寺",26
479,"Ninna-ji, 仁和寺",26
480,"Ninna-ji, 仁和寺",26
481,"Ninna-ji, 仁和寺",26
482,"Ninna-ji, 仁和寺",26
483,"Ninna-ji, 仁和寺",26
484,"Ninna-ji, 仁和寺",26
485,"Ninna-ji, 仁和寺",26
486,"Ninna-ji, 仁和寺",26
487,"Ninna-ji, 仁和寺",26
488,"Ninna-ji, 仁和寺",26
489,"Myōshinji Temple, 妙心寺",34
490,"Myōshinji Temple, 妙心寺",34
495,"Byodoin, 平等院",83
496,"Byodoin, 平等院",83
497,"Byodoin, 平等院",83
501,"Byodoin, 平等院",83
503,"Toji, 東寺",78
510,"Toji, 東寺",78
511,"Toji, 東寺",78
512,"Toji, 東寺",78
513,"Toji, 東寺",78
514,"Toji, 東寺",78
515,"Toji, 東寺",78
516,"Toji, 東寺",78
517,"Toji, 東寺",78
518,"Toji, 東寺",78
519,"Toji, 東寺",78
520,"Toji, 東寺",78
521,"Toji, 東寺",78
522,"Toji, 東寺",78
523,"Toji, 東寺",78
524,"Toji, 東寺",78
525,"Toji, 東寺",78
526,"Toji, 東寺",78
527,"Toji, 東寺",78
528,"Toji, 東寺",78
529,"Toji, 東寺",78
530,"Toji, 東寺",78
531,"Toji, 東寺",78
532,"Toji, 東寺",78
533,"Toji, 東寺",78
534,"Toji, 東寺",78
535,"Toji, 東寺",78
536,"Toji, 東寺",78
537,"Toji, 東寺",78
538,"Toji, 東寺",78
539,"Toji, 東寺",78
540,"Toji, 東寺",78
541,"Toji, 東寺",78
542,"Toji, 東寺",78
545,"Kawaramachi Street, 河原町",88
556,"Hōrin-ji, 法輪寺",12
559,"Arashiyama Bamboo Forest, 竹林の小径",13
559,"Arashiyama Station, 嵐山駅前",20
560,"Arashiyama Station, 嵐山駅前",20
561,"Arashiyama Station, 嵐山駅前",20
564,"Togetsu-kyō Bridge, 渡月橋",16
564,"Arashiyama Station, 嵐山駅前",20
574,"Kameyama Park, 嵐山公園 亀山地区",14
578,"Arashiyama Station, 嵐山駅前",20
579,"Togetsu-kyō Bridge, 渡月橋",16
579,"Arashiyama Station, 嵐山駅前",20
581,"Arashiyama Monkey Park Iwatayama, 嵐山モンキーパーク",11
582,"Arashiyama Park Nakanoshima Area, 嵐山公園 中之島地区",17
583,"Togetsu-kyō Bridge, 渡月橋",16
583,"Arashiyama Park Nakanoshima Area, 嵐山公園 中之島地区",17
584,"Togetsu-kyō Bridge, 渡月橋",16
586,"Togetsu-kyō Bridge, 渡月橋",16
587,"Togetsu-kyō Bridge, 渡月橋",16
587,"Arashiyama Park Nakanoshima Area, 嵐山公園 中之島地区",17
588,"Togetsu-kyō Bridge, 渡月橋",16
588,"Arashiyama Park Nakanoshima Area, 嵐山公園 中之島地区",17
589,"Arashiyama Park Nakanoshima Area, 嵐山公園 中之島地区",17
590,"Togetsu-kyō Bridge, 渡月橋",16
590,"Arashiyama Park Nakanoshima Area, 嵐山公園 中之島地区",17
591,"Arashiyama Park Nakanoshima Area, 嵐山公園 中之島地区",17
592,"Tenryū-ji, 天龍寺",10
592,"Arashiyama Bamboo Forest, 竹林の小径",13
592,"Arashiyama Station, 嵐山駅前",20
593,"Arashiyama Bamboo Forest, 竹林の小径",13
593,"Arashiyama Station, 嵐山駅前",20
594,"Tenryū-ji, 天龍寺",10
594,"Arashiyama Bamboo Forest, 竹林の小径",13
594,"Arashiyama Station, 嵐山駅前",20
595,"Tenryū-ji, 天龍寺",10
595,"Arashiyama Bamboo Forest, 竹林の小径",13
595,"Arashiyama Station, 嵐山駅前",20
596,"Kameyama Park, 嵐山公園 亀山地区",14
597,"Ōkōchi Sansō, 大河内山荘庭園",15
598,"Ōkōchi Sansō, 大河内山荘庭園",15
599,"Ōkōchi Sansō, 大河内山荘庭園",15
600,"Tenryū-ji, 天龍寺",10
601,"Tenryū-ji, 天龍寺",10
601,"Kameyama Park, 嵐山公園 亀山地区",14
602,"Kameyama Park, 嵐山公園 亀山地区",14
603,"Arashiyama Bamboo Forest, 竹林の小径",13
604,"Ōkōchi Sansō, 大河内山荘庭園",15
605,"Arashiyama Bamboo Forest, 竹林の小径",13
606,"Tenryū-ji, 天龍寺",10
606,"Arashiyama Bamboo Forest, 竹林の小径",13
607,"Tenryū-ji, 天龍寺",10
607,"Arashiyama Bamboo Forest, 竹林の小径",13
608,"Tenryū-ji, 天龍寺",10
608,"Arashiyama Bamboo Forest, 竹林の小径",13
609,"Arashiyama Bamboo Forest, 竹林の小径",13
610,"Tenryū-ji, 天龍寺",10
610,"Arashiyama Bamboo Forest, 竹林の小径",13
611,"Tenryū-ji, 天龍寺",10
612,"Tenryū-ji, 天龍寺",10
612,"Arashiyama Station, 嵐山駅前",20
613,"Arashiyama Station, 嵐山駅前",20
614,"Tenryū-ji, 天龍寺",10
614,"Arashiyama Station, 嵐山駅前",20
615,"Tenryū-ji, 天龍寺",10
615,"Arashiyama Station, 嵐山駅前",20
616,"Tenryū-ji, 天龍寺",10
616,"Arashiyama Station, 嵐山駅前",20
617,"Tenryū-ji, 天龍寺",10
617,"Arashiyama Station, 嵐山駅前",20
618,"Tenryū-ji, 天龍寺",10
618,"Arashiyama Station, 嵐山駅前",20
619,"Tenryū-ji, 天龍寺",10
619,"Arashiyama Station, 嵐山駅前",20
620,"Tenryū-ji, 天龍寺",10
620,"Arashiyama Station, 嵐山駅前",20
621,"Arashiyama Station, 嵐山駅前",20
622,"Tenryū-ji, 天龍寺",10
622,"Arashiyama Station, 嵐山駅前",20
623,"Tenryū-ji, 天龍寺",10
623,"Arashiyama Station, 嵐山駅前",20
624,"Tenryū-ji, 天龍寺",10
625,"Tenryū-ji, 天龍寺",10
625,"Kameyama Park, 嵐山公園 亀山地区",14
626,"Tenryū-ji, 天龍寺",10
627,"Tenryū-ji, 天龍寺",10
628,"Arashiyama Station, 嵐山駅前",20
629,"Arashiyama Station, 嵐山駅前",20
630,"Arashiyama Station, 嵐山駅前",20
631,"Arashiyama Station, 嵐山駅前",20
632,"Ryōan-ji, 龍安寺",28
633,"Ryōan-ji, 龍安寺",28
634,"Ryōan-ji, 龍安寺",28
635,"Ryōan-ji, 龍安寺",28
636,"Ryōan-ji, 龍安寺",28
637,"Ryōan-ji, 龍安寺",28
638,"Ryōan-ji, 龍安寺",28
639,"Ryōan-ji, 龍安寺",28
640,"Ryōan-ji, 龍安寺",28
641,"Ryōan-ji, 龍安寺",28
642,"Ryōan-ji, 龍安寺",28
643,"Ryōan-ji, 龍安寺",28
644,"Ryōan-ji, 龍安寺",28
646,"Ryōan-ji, 龍安寺",28
647,"Ryōan-ji, 龍安寺",28
648,"Ryōan-ji, 龍安寺",28
649,"Ryōan-ji, 龍安寺",28
650,"Ryōan-ji, 龍安寺",28
652,京都御所,41
655,京都御所,41
656,京都御所,41
657,京都御所,41
658,京都御所,41
659,京都御所,41
660,京都御所,41
663,京都御所,41
664,京都御所,41
665,京都御所,41
666,京都御所,41
667,京都御所,41
668,京都御所,41
669,京都御所,41
670,京都御所,41
671,京都御所,41
672,京都御所,41
673,京都御所,41
674,京都御所,41
675,京都御所,41
676,京都御所,41
677,京都御所,41
678,京都御所,41
679,京都御所,41
680,京都御所,41
681,京都御所,41
682,京都御所,41
683,京都御所,41
684,京都御所,41
685,京都御所,41
686,京都御所,41
687,京都御所,41
688,京都御所,41
689,京都御所,41
690,京都御所,41
691,京都御所,41
692,京都御所,41
693,京都御所,41
694,京都御所,41
695,京都御所,41
696,京都御所,41
697,京都御所,41
698,京都御所,41
699,京都御所,41
701,"Rengeoin Sanjusangendo, 三十三間堂",73
706,"Rengeoin Sanjusangendo, 三十三間堂",73
707,"Rengeoin Sanjusangendo, 三十三間堂",73
708,"Rengeoin Sanjusangendo, 三十三間堂",73
709,"Rengeoin Sanjusangendo, 三十三間堂",73
710,"Rengeoin Sanjusangendo, 三十三間堂",73
711,"Rengeoin Sanjusangendo, 三十三間堂",73
718,"Ninna-ji, 仁和寺",26
734,"Chishaku-in, 智積院",74
735,"Chishaku-in, 智積院",74
736,"Chishaku-in, 智積院",74
737,"Chishaku-in, 智積院",74
738,"Chishaku-in, 智積院",74
739,"Chishaku-in, 智積院",74
748,"Tōfuku-ji, 東福寺",77
749,"Tōfuku-ji, 東福寺",77
750,"Tōfuku-ji, 東福寺",77
751,"Tōfuku-ji, 東福寺",77
752,"Tōfuku-ji, 東福寺",77
753,"Tōfuku-ji, 東福寺",77
754,"Tōfuku-ji, 東福寺",77
755,"Tōfuku-ji, 東福寺",77
756,"Tōfuku-ji, 東福寺",77
757,"Tōfuku-ji, 東福寺",77
758,"Tōfuku-ji, 東福寺",77
759,"Tōfuku-ji, 東福寺",77
760,"Tōfuku-ji, 東福寺",77
761,"Tōfuku-ji, 東福寺",77
762,"Tōfuku-ji, 東福寺",77
763,"Tōfuku-ji, 東福寺",77
764,"Tōfuku-ji, 東福寺",77
765,"Tōfuku-ji, 東福寺",77
766,"Tōfuku-ji, 東福寺",77
767,"Tōfuku-ji, 東福寺",77
768,"Tōfuku-ji, 東福寺",77
769,"Tōfuku-ji, 東福寺",77
770,"Tōfuku-ji, 東福寺",77
771,"Tōfuku-ji, 東福寺",77
772,"Tōfuku-ji, 東福寺",77
773,"Tōfuku-ji, 東福寺",77
774,"Tōfuku-ji, 東福寺",77
786,"Eikan-dō Zenrin-ji, 永観堂",57
787,"Eikan-dō Zenrin-ji, 永観堂",57
788,"Philosopher's Path, 哲学の道",54
789,"Philosopher's Path, 哲学の道",54
791,"Eikan-dō Zenrin-ji, 永観堂",57
792,"Eikan-dō Zenrin-ji, 永観堂",57
793,"Eikan-dō Zenrin-ji, 永観堂",57
795,"Eikan-dō Zenrin-ji, 永観堂",57
796,"Philosopher's Path, 哲学の道",54
797,"Philosopher's Path, 哲学の道",54
805,"Kōzan-ji, 高山寺",1
806,"Kōzan-ji, 高山寺",1
812,"Jingo-ji, 神護寺",2
813,"Jingo-ji, 神護寺",2
814,"Jingo-ji, 神護寺",2
815,"Jingo-ji, 神護寺",2
816,"Jingo-ji, 神護寺",2
819,"Shōkoku-ji, 相国寺",40
821,"Philosopher's Path, 哲学の道",54
822,"Philosopher's Path, 哲学の道",54
823,"Anrakuji, 安楽寺",56
824,"Philosopher's Path, 哲学の道",54
824,"Anrakuji, 安楽寺",56
856,"Kyoto Botanical Gardens, 京都府立植物園",37
857,"Kyoto Botanical Gardens, 京都府立植物園",37
858,"Kyoto Botanical Gardens, 京都府立植物園",37
859,"Kamigamo-jinja, 上賀茂神社",36
860,"Kamigamo-jinja, 上賀茂神社",36
862,"Kamigamo-jinja, 上賀茂神社",36
863,"Kamigamo-jinja, 上賀茂神社",36
864,"Kamigamo-jinja, 上賀茂神社",36
865,"Kamigamo-jinja, 上賀茂神社",36
866,"Kamigamo-jinja, 上賀茂神社",36
868,"Kawaramachi Street, 河原町",88
869,"Kawaramachi Street, 河原町",88
875,"Philosopher's Path, 哲学の道",54
877,"Philosopher's Path, 哲学の道",54
878,"Myōshinji Temple, 妙心寺",34
893,"Rokuo-in Temple, 鹿王院",21
894,"Rokuo-in Temple, 鹿王院",21
895,京都御所,41
896,"Daitoku-ji, 大徳寺",35
897,"Daitoku-ji, 大徳寺",35
898,"Daitoku-ji, 大徳寺",35
899,"Daitoku-ji, 大徳寺",35
900,"Daitoku-ji, 大徳寺",35
901,"Daitoku-ji, 大徳寺",35
908,"Gion, 祇園",72
915,"Toyokuni Shrine, 豊国神社",75
926,"Kyoto Ryozen Gokoku Shrine, 京都霊山護国神社",67
927,"Arashiyama Monkey Park Iwatayama, 嵐山モンキーパーク",11
928,"Arashiyama Monkey Park Iwatayama, 嵐山モンキーパーク",11
931,"Daitoku-ji, 大徳寺",35
932,"Daitoku-ji, 大徳寺",35
933,"Daitoku-ji, 大徳寺",35
936,"Jōjakkō-ji Temple, 常寂光寺",8
937,"Jōjakkō-ji Temple, 常寂光寺",8
938,"Jōjakkō-ji Temple, 常寂光寺",8
939,"Jōjakkō-ji Temple, 常寂光寺",8
940,"Jōjakkō-ji Temple, 常寂光寺",8
941,"Jōjakkō-ji Temple, 常寂光寺",8
942,"Jōjakkō-ji Temple, 常寂光寺",8
943,"Jōjakkō-ji Temple, 常寂光寺",8
944,"Jōjakkō-ji Temple, 常寂光寺",8
945,"Jōjakkō-ji Temple, 常寂光寺",8
946,"Jōjakkō-ji Temple, 常寂光寺",8
947,"Giouji Temple, 祇王寺",5
949,"Kawaramachi Street, 河原町",88
954,"Shugakuin Imperial Villa, 修学院離宮",49
957,"Kyoto Aquarium, 京都水族館",80
958,"Kyoto Aquarium, 京都水族館",80
959,"Kyoto Aquarium, 京都水族館",80
962,京都御所,41
965,"Daikaku-ji, 大覚寺",19
968,"Myōshinji Temple, 妙心寺",34
970,京都御所,41
974,"Kyoto Botanical Gardens, 京都府立植物園",37
975,"Kyoto Botanical Gardens, 京都府立植物園",37
997,"Kawaramachi Street, 河原町",88
1010,"Kawaramachi Street, 河原町",88
1011,"Kawaramachi Street, 河原町",88
1012,"Kawaramachi Street, 河原町",88
1016,"Shisen-dō, 詩仙堂",51
1018,"Kurama-dera, 鞍馬寺",46
1019,"Kurama-dera, 鞍馬寺",46
1028,"Sanzen-in Temple, 三千院",48
1029,"Sanzen-in Temple, 三千院",48
1030,"Sanzen-in Temple, 三千院",48
1031,"Sanzen-in Temple, 三千院",48
1032,"Sanzen-in Temple, 三千院",48
1033,"Sanzen-in Temple, 三千院",48
1034,"Sanzen-in Temple, 三千院",48
1035,"Sanzen-in Temple, 三千院",48
1046,"Daikaku-ji, 大覚寺",19
1047,"Daikaku-ji, 大覚寺",19
1048,"Daikaku-ji, 大覚寺",19
1049,"Daikaku-ji, 大覚寺",19
1050,"Daikaku-ji, 大覚寺",19
1051,"Daikaku-ji, 大覚寺",19
1052,"Daikaku-ji, 大覚寺",19
1053,"Myōshinji Temple, 妙心寺",34
1077,"Kawaramachi Street, 河原町",88
1097,"Daitoku-ji, 大徳寺",35
1112,"Hirano Shrine, 平野神社",32
1113,"Hirano Shrine, 平野神社",32
1114,"Hirano Shrine, 平野神社",32
1115,"Hirano Shrine, 平野神社",32
1116,"Hirano Shrine, 平野神社",32
1117,"Hirano Shrine, 平野神社",32
1118,"Hirano Shrine, 平野神社",32
1122,"Toei Kyoto Studio Park, 太秦映画村",23
1123,"Toei Kyoto Studio Park, 太秦映画村",23
1124,"Fushimi Inari Taisha, 伏見稲荷大社",76
1131,"Kifune Shrine, 貴船神社",45
1132,"Kifune Shrine, 貴船神社",45
1133,"Kifune Shrine, 貴船神社",45
1134,"Kifune Shrine, 貴船神社",45
1135,"Kifune Shrine, 貴船神社",45
1136,"Kifune Shrine, 貴船神社",45
1137,"Kifune Shrine, 貴船神社",45
1148,"Seimei-Jinja Shrine, 晴明神社",39
1149,"Seimei-Jinja Shrine, 晴明神社",39
1160,"Fushimi Inari Taisha, 伏見稲荷大社",76
1161,"Fushimi Inari Taisha, 伏見稲荷大社",76
1162,"Fushimi Inari Taisha, 伏見稲荷大社",76
1163,"Fushimi Inari Taisha, 伏見稲荷大社",76
1164,"Fushimi Inari Taisha, 伏見稲荷大社",76
1165,"Fushimi Inari Taisha, 伏見稲荷大社",76
1166,"Fushimi Inari Taisha, 伏見稲荷大社",76
1167,"Fushimi Inari Taisha, 伏見稲荷大社",76
1169,"Kenninji Temple, 建仁寺",71
1170,"Kenninji Temple, 建仁寺",71
1171,"Fushimi Inari Taisha, 伏見稲荷大社",76
1172,"Fushimi Inari Taisha, 伏見稲荷大社",76
1173,"Fushimi Inari Taisha, 伏見稲荷大社",76
1174,"Fushimi Inari Taisha, 伏見稲荷大社",76
1175,"Fushimi Inari Taisha, 伏見稲荷大社",76
1189,京都御所,41
1190,京都御所,41
1191,京都御所,41
1192,京都御所,41
1193,京都御所,41
1194,京都御所,41
1195,京都御所,41
1198,"Kameyama Park, 嵐山公園 亀山地区",14
1206,"Arashiyama Station, 嵐山駅前",20
1207,"Enryakuji, 延暦寺",0
1208,"Enryakuji, 延暦寺",0
1209,"Enryakuji, 延暦寺",0
1210,"Enryakuji, 延暦寺",0
1211,"Enryakuji, 延暦寺",0
1212,"Enryakuji, 延暦寺",0
1215,京都御所,41
1217,京都御所,41
1219,"Jingo-ji, 神護寺",2
1228,京都御所,41
1230,"Myōshinji Temple, 妙心寺",34
1241,"Daigoji, 醍醐寺",82
1242,"Daigoji, 醍醐寺",82
1243,"Daigoji, 醍醐寺",82
1244,"Daigoji, 醍醐寺",82
1245,"Daigoji, 醍醐寺",82
1246,"Daigoji, 醍醐寺",82
1247,"Daigoji, 醍醐寺",82
1248,"Daigoji, 醍醐寺",82
1249,"Daigoji, 醍醐寺",82
1266,"Okazaki Park, 岡崎公園",60
1269,"Kyoto University, 京都大学",53
1270,"Kyoto University, 京都大学",53
1271,"Kyoto University, 京都大学",53
1277,"Kyoto Botanical Gardens, 京都府立植物園",37
1278,"Kyoto Botanical Gardens, 京都府立植物園",37
1279,"Kyoto Botanical Gardens, 京都府立植物園",37
1290,"Fushimi Inari Taisha, 伏見稲荷大社",76
1291,"Fushimi Inari Taisha, 伏見稲荷大社",76
1292,"Seiryō-ji, 清涼寺",6
1293,"Seiryō-ji, 清涼寺",6
1294,"Seiryō-ji, 清涼寺",6
1305,"Kyoto University, 京都大学",53
1306,"Shugakuin Imperial Villa, 修学院離宮",49
1345,"Daigoji, 醍醐寺",82
1346,"Daigoji, 醍醐寺",82
1347,"Daigoji, 醍醐寺",82
1352,"Mibudera Temple, 壬生寺",89
1365,"Jakko-in Temple, 寂光院",47
1456,"Chishaku-in, 智積院",74
1457,"Chishaku-in, 智積院",74
1458,"Chishaku-in, 智積院",74
1493,"Kyoto Botanical Gardens, 京都府立植物園",37
1494,"Kyoto Botanical Gardens, 京都府立植物園",37
1495,"Kyoto Botanical Gardens, 京都府立植物園",37
